{
  "hash": "7878412e",
  "configHash": "a611aaa1",
  "lockfileHash": "71df3a8f",
  "browserHash": "c8d92fe7",
  "optimized": {
    "@angular/cdk/drag-drop": {
      "src": "../../../../../../node_modules/@angular/cdk/fesm2022/drag-drop.mjs",
      "file": "@angular_cdk_drag-drop.js",
      "fileHash": "79270fba",
      "needsInterop": false
    },
    "@angular/common": {
      "src": "../../../../../../node_modules/@angular/common/fesm2022/common.mjs",
      "file": "@angular_common.js",
      "fileHash": "eeb465c5",
      "needsInterop": false
    },
    "@angular/common/http": {
      "src": "../../../../../../node_modules/@angular/common/fesm2022/http.mjs",
      "file": "@angular_common_http.js",
      "fileHash": "42cc8955",
      "needsInterop": false
    },
    "@angular/core": {
      "src": "../../../../../../node_modules/@angular/core/fesm2022/core.mjs",
      "file": "@angular_core.js",
      "fileHash": "90151e0f",
      "needsInterop": false
    },
    "@angular/forms": {
      "src": "../../../../../../node_modules/@angular/forms/fesm2022/forms.mjs",
      "file": "@angular_forms.js",
      "fileHash": "09f0fb79",
      "needsInterop": false
    },
    "@angular/platform-browser": {
      "src": "../../../../../../node_modules/@angular/platform-browser/fesm2022/platform-browser.mjs",
      "file": "@angular_platform-browser.js",
      "fileHash": "9ff678a6",
      "needsInterop": false
    },
    "@angular/router": {
      "src": "../../../../../../node_modules/@angular/router/fesm2022/router.mjs",
      "file": "@angular_router.js",
      "fileHash": "7c1db9b5",
      "needsInterop": false
    }
  },
  "chunks": {
    "chunk-RMKQKDBZ": {
      "file": "chunk-RMKQKDBZ.js"
    },
    "chunk-BGWAKS46": {
      "file": "chunk-BGWAKS46.js"
    },
    "chunk-M43TUASO": {
      "file": "chunk-M43TUASO.js"
    },
    "chunk-QSJFGJG5": {
      "file": "chunk-QSJFGJG5.js"
    }
  }
}